DataSet,psnr,ssim
Set5,28.563877851633254,0.8280567
Set14,25.503215501704677,0.72857946
BSD100,25.653147096082684,0.694498
Urban100,23.454336604084975,0.7122789
SunHays80,No data,No data
